"","x1","x2","x3","x4","x5","x6","x7","x8","x9","x10","x11","x12","x13","x14","x15","x16","x17","x18","x19","x20","a1","a2","a3","a4","a5"
"1",0,0,1,0,1,0,0,0,1,1,1,0,0,0,1,0,1,0,0,1,0,0,0,0,1
"2",0,1,1,1,0,0,1,0,1,0,0,0,0,0,1,0,0,1,0,0,0,0,1,1,0
"3",0,1,1,1,1,1,1,1,1,1,0,1,0,1,1,0,1,1,1,0,1,1,1,1,1
"4",1,0,0,1,1,1,1,0,0,1,1,1,0,1,0,0,0,1,0,1,1,1,1,1,1
"5",1,0,1,0,1,1,0,0,0,0,0,0,0,0,0,1,1,0,0,0,1,0,1,0,0
"6",0,0,0,1,0,0,0,0,0,0,0,0,0,0,1,0,0,0,1,0,0,0,0,1,0
"7",1,1,1,1,0,1,1,1,1,0,0,1,0,1,1,0,0,1,1,1,1,1,1,1,1
"8",0,1,1,0,1,0,0,1,0,1,0,1,0,0,1,0,1,0,0,1,0,1,1,0,1
"9",1,1,0,1,1,0,0,0,0,0,0,0,0,1,0,0,1,0,0,0,1,0,0,0,0
"10",0,0,1,0,0,0,0,0,0,1,1,0,0,1,0,1,1,0,1,1,0,0,1,0,0
"11",1,1,1,1,0,0,0,0,0,0,1,1,0,0,1,0,0,0,0,0,0,1,0,1,0
"12",1,1,1,0,0,0,0,0,1,0,1,1,0,0,0,0,1,1,1,0,1,1,1,0,0
"13",1,1,1,1,0,1,0,1,1,1,1,1,1,1,0,1,0,1,1,1,1,1,1,1,1
"14",1,0,0,1,1,1,1,1,1,0,0,0,0,0,0,1,0,1,1,1,1,0,1,1,1
"15",1,1,0,0,0,1,0,1,0,1,0,0,0,1,0,1,1,0,0,1,1,1,0,1,0
"16",1,0,0,1,0,1,1,1,1,1,1,0,1,0,1,0,1,0,0,0,1,0,1,1,0
"17",0,1,1,0,1,1,0,0,1,0,0,1,0,1,0,0,1,1,0,0,0,0,1,0,1
"18",1,0,1,1,1,0,0,0,1,1,1,1,0,0,0,0,1,1,1,0,1,1,1,0,1
"19",1,1,0,0,0,0,0,1,0,1,1,0,0,0,0,1,1,0,0,1,0,0,0,0,0
"20",0,0,1,1,1,0,1,0,0,0,0,1,0,1,1,0,1,1,0,1,0,0,1,1,0
"21",1,0,1,0,1,0,1,0,0,0,1,0,0,1,0,1,0,1,1,0,1,0,1,0,1
"22",1,1,0,1,0,0,0,0,0,0,1,1,0,0,0,0,0,0,0,1,1,1,0,0,0
"23",0,1,0,0,1,0,1,1,0,1,0,0,1,0,0,0,1,0,0,0,0,1,0,0,1
"24",0,0,0,0,0,0,0,0,0,0,0,0,1,0,0,0,1,1,0,0,0,0,0,0,0
"25",0,0,0,1,1,0,0,1,0,1,1,0,0,0,0,0,0,0,0,0,0,0,0,0,1
"26",0,1,1,1,0,0,1,1,0,1,1,0,0,0,0,0,1,1,0,1,0,1,1,0,0
"27",1,0,0,1,0,0,1,0,1,0,0,0,0,1,1,0,0,0,0,0,1,0,0,1,0
"28",1,0,1,0,0,0,0,0,0,1,0,0,0,0,0,0,0,0,1,1,0,0,1,0,0
"29",0,0,1,0,1,0,0,0,1,0,1,1,0,0,0,0,0,0,0,0,0,0,0,1,0
"30",1,1,0,1,0,0,0,1,1,0,0,0,0,0,0,0,0,1,0,0,1,1,0,0,0
"31",0,0,1,0,1,0,1,1,0,1,1,1,1,0,1,1,1,1,1,0,1,1,1,1,1
"32",0,0,1,1,1,0,1,0,0,1,0,0,1,0,1,1,0,1,1,1,1,0,1,1,1
"33",0,1,0,0,0,0,1,0,0,1,0,0,1,0,0,1,0,0,0,0,1,0,0,0,0
"34",0,1,0,0,1,0,1,1,0,1,1,0,1,1,0,1,1,0,1,1,1,1,0,1,1
"35",0,1,1,0,1,1,1,1,1,0,1,0,0,0,1,0,0,1,1,1,1,1,1,1,0
"36",0,1,1,0,0,0,0,0,1,1,0,1,1,1,0,0,0,1,0,0,0,1,1,0,0
"37",0,0,1,0,1,0,0,0,1,0,1,1,0,1,0,1,0,0,0,1,0,0,0,1,1
"38",0,1,1,1,1,1,0,0,0,0,0,0,0,0,0,1,0,1,0,1,0,0,1,0,1
"39",1,1,1,1,0,0,0,1,1,1,0,0,1,0,1,0,1,0,1,0,1,0,1,1,0
"40",0,0,0,1,1,0,1,0,0,1,0,0,0,1,1,1,1,1,0,1,0,0,0,1,0
"41",0,0,1,1,1,1,0,0,0,0,1,0,0,0,0,0,1,0,1,1,1,0,0,0,0
"42",0,0,0,1,0,1,0,1,0,0,0,0,0,0,1,1,0,1,1,0,0,1,1,1,0
"43",1,0,1,1,0,0,1,1,0,1,0,0,1,0,1,1,0,1,1,0,1,1,1,1,0
"44",0,0,1,1,1,0,0,1,1,0,0,1,1,0,0,1,0,1,0,0,0,0,1,1,1
"45",0,1,1,0,1,1,0,1,0,1,0,0,1,0,0,0,1,0,0,0,0,1,0,0,1
"46",0,1,1,1,1,0,0,1,0,0,0,0,1,0,0,0,1,0,0,0,0,1,1,0,1
"47",0,1,1,0,0,0,0,0,0,1,0,1,0,1,0,1,0,0,0,0,0,1,1,0,0
"48",0,0,1,0,0,1,0,1,0,0,0,0,0,1,0,1,0,1,1,0,1,0,1,0,0
"49",1,0,0,0,1,0,1,0,0,0,1,1,0,0,0,0,0,1,0,1,1,1,1,0,0
"50",1,1,1,0,0,0,1,1,0,0,1,0,1,0,1,0,0,0,0,0,1,1,1,0,0
"51",1,0,0,0,0,0,1,0,1,0,0,1,1,0,1,1,0,1,1,0,0,1,0,0,0
"52",1,1,1,0,0,1,1,0,0,0,1,1,0,0,1,0,0,0,1,0,1,1,1,0,1
"53",0,1,0,0,1,0,1,0,0,0,0,1,0,0,0,0,0,1,0,1,0,0,1,0,0
"54",0,0,1,1,0,1,0,0,1,0,0,0,1,1,1,0,1,1,0,0,0,0,1,1,0
"55",0,1,1,1,0,0,0,0,1,0,0,1,0,0,0,0,0,0,1,0,0,0,0,0,0
"56",1,0,1,1,0,0,1,0,1,0,0,0,0,0,1,0,0,1,0,0,1,0,1,0,0
"57",0,0,0,0,0,0,0,1,1,0,0,0,0,1,1,0,0,1,0,1,0,0,0,0,0
"58",0,0,0,1,1,0,0,0,0,1,0,0,0,1,0,0,0,1,0,0,0,0,1,0,1
"59",1,1,0,0,0,1,0,0,0,0,1,1,0,0,1,1,0,1,0,0,1,1,1,0,1
"60",1,0,1,1,1,1,1,0,1,1,1,0,1,1,0,1,1,1,1,0,1,1,1,1,1
"61",0,0,1,1,0,0,0,0,0,0,1,0,0,0,1,0,0,0,0,0,0,0,1,0,0
"62",0,1,1,1,1,0,0,0,0,0,0,0,0,1,0,1,0,0,1,0,0,0,0,0,0
"63",0,0,0,0,1,0,1,1,1,0,0,0,0,0,0,0,0,1,0,0,0,0,0,0,0
"64",0,0,1,1,0,1,0,0,0,0,0,1,0,0,0,1,0,1,0,1,0,0,0,0,0
"65",1,1,1,0,0,0,0,0,0,1,1,0,0,0,1,1,0,1,1,0,1,0,0,0,0
"66",1,1,0,1,0,1,0,0,0,0,1,1,1,0,0,0,0,0,1,1,1,1,0,0,0
"67",0,0,1,1,1,0,1,0,0,0,0,0,1,1,1,1,0,1,1,1,1,0,1,1,1
"68",1,0,0,1,0,0,0,0,0,1,0,0,0,0,0,0,0,1,1,0,0,0,0,1,0
"69",1,0,1,0,0,0,1,0,0,0,1,1,0,0,0,0,1,1,0,0,1,1,1,0,1
"70",1,0,0,0,1,0,1,0,0,0,0,1,1,0,0,0,0,1,0,0,1,0,0,0,1
"71",1,1,0,0,0,1,1,0,0,0,0,0,0,1,1,1,1,1,0,1,0,1,1,0,0
"72",0,1,1,0,1,1,1,0,1,0,1,0,1,0,0,0,0,0,0,0,1,1,0,0,0
"73",0,0,1,1,1,0,0,0,1,0,0,1,1,0,1,1,0,1,0,0,0,0,1,1,1
"74",0,0,1,1,0,0,0,0,0,1,0,0,0,0,1,0,0,1,1,0,1,0,1,0,0
"75",0,0,0,0,0,0,0,0,1,1,0,0,0,0,0,0,1,1,0,1,0,0,1,1,0
"76",0,0,0,1,1,1,1,0,0,0,0,0,0,0,1,1,0,0,0,1,1,0,0,1,1
"77",0,0,0,1,0,0,1,0,1,0,0,0,0,1,1,0,1,0,1,1,0,0,0,1,1
"78",1,0,1,1,0,1,0,0,1,0,1,1,1,0,1,1,1,0,1,0,1,1,1,1,1
"79",1,1,0,1,0,0,1,0,1,1,1,0,0,0,1,1,0,0,1,1,1,1,1,1,0
"80",0,1,1,0,1,0,0,1,0,0,1,1,0,1,1,0,0,1,1,1,1,1,1,0,1
"81",0,1,1,1,1,0,0,0,0,0,1,0,0,0,0,1,0,1,0,0,0,1,1,0,1
"82",1,1,0,1,0,0,1,0,0,1,0,0,0,0,0,1,1,0,1,0,1,1,0,1,0
"83",0,0,0,1,1,1,1,0,1,0,0,0,1,0,0,0,0,0,0,0,0,0,0,0,0
"84",0,0,0,1,0,1,0,0,0,1,0,1,0,0,0,1,0,0,0,1,0,0,0,0,0
"85",1,1,1,1,0,0,0,0,1,0,1,0,0,1,0,1,0,1,1,0,1,1,1,0,0
"86",0,0,0,1,1,0,0,0,1,0,1,0,1,0,1,1,0,1,0,0,0,0,1,0,0
"87",0,0,0,0,0,1,1,0,0,0,0,0,1,0,0,0,0,1,0,0,0,0,0,0,0
"88",1,0,0,1,1,1,1,1,1,0,1,1,0,1,1,0,0,1,0,0,0,0,0,1,0
"89",1,1,0,0,1,1,1,0,0,0,0,0,0,0,0,0,1,0,0,0,1,0,1,0,1
"90",1,1,1,0,0,0,0,1,0,0,1,1,0,0,0,1,1,0,0,0,1,1,0,1,1
"91",1,0,0,1,1,1,0,1,0,1,0,0,0,0,1,1,1,0,0,1,1,0,0,0,0
"92",0,0,0,1,1,1,0,0,1,1,0,0,1,0,0,0,1,1,1,1,1,0,1,1,1
"93",1,0,1,1,0,0,1,0,1,0,1,1,0,0,0,1,1,1,1,0,1,0,1,1,0
"94",1,1,0,0,1,1,1,1,0,0,0,1,1,0,0,0,1,1,0,0,1,1,0,0,1
"95",0,0,1,1,1,1,0,0,1,0,0,0,0,0,0,0,0,1,0,0,0,0,1,0,1
"96",1,0,0,1,0,1,0,0,0,0,0,1,1,0,1,0,0,1,1,0,0,0,1,1,1
"97",0,0,0,0,0,1,0,0,0,0,0,0,1,0,1,0,0,0,1,1,1,0,0,1,0
"98",1,0,1,0,0,1,1,1,0,0,0,0,0,0,1,0,0,0,0,1,0,0,0,0,0
"99",1,0,0,0,0,0,0,1,0,0,0,0,0,0,1,0,0,1,0,0,1,0,1,0,0
"100",1,1,0,1,1,1,0,0,0,0,0,0,0,1,0,0,0,0,0,0,0,1,0,0,0
"101",0,1,0,0,1,0,0,0,0,0,1,1,0,0,1,0,0,1,0,0,0,0,0,0,0
"102",1,1,0,0,0,1,1,1,0,1,0,0,0,1,0,1,0,1,1,1,1,1,0,1,0
"103",1,1,0,1,1,1,1,0,0,1,0,0,1,0,1,1,1,0,1,1,1,1,0,1,1
"104",1,0,1,0,1,1,1,1,0,0,0,0,0,0,1,1,1,1,0,0,0,1,1,0,0
"105",1,0,0,0,1,1,0,1,1,0,0,1,1,0,0,0,1,0,0,1,1,0,0,0,1
"106",1,1,1,0,1,0,1,0,1,0,1,1,0,0,0,1,0,0,0,0,1,1,1,0,1
"107",0,0,0,0,1,0,0,0,1,0,0,0,0,0,0,0,0,0,0,0,0,0,0,0,1
"108",0,0,0,0,1,1,1,1,0,1,0,0,0,0,1,0,0,0,0,1,0,0,0,0,1
"109",1,0,0,0,1,0,1,0,1,1,0,0,1,0,1,0,1,0,0,0,1,0,0,0,1
"110",1,1,1,0,0,0,0,1,1,1,1,1,0,0,1,1,0,1,0,1,1,1,1,1,0
"111",1,0,1,1,1,1,0,1,0,1,0,0,1,0,0,0,1,0,0,1,0,1,1,0,0
"112",1,1,0,1,1,1,0,1,0,0,0,0,1,0,0,1,0,0,0,0,0,0,0,1,0
"113",0,1,0,0,0,1,0,0,0,0,0,1,0,0,0,0,0,1,0,1,0,0,1,0,0
"114",1,0,1,0,0,0,0,0,1,0,1,0,0,1,0,1,0,0,0,0,0,0,0,0,0
"115",1,1,1,1,1,0,0,1,1,1,0,0,0,1,1,1,0,1,1,0,0,1,1,1,0
"116",0,0,0,0,0,0,0,0,0,0,0,0,0,0,1,0,0,1,1,1,0,0,0,0,0
"117",1,1,0,1,1,0,0,0,0,1,0,1,0,1,0,1,1,0,0,0,0,1,0,0,1
"118",1,0,0,1,1,0,0,1,0,1,0,0,0,1,0,0,1,0,0,0,1,0,0,0,1
"119",0,0,0,0,1,1,1,0,0,0,0,0,0,1,0,0,1,1,0,0,0,1,0,0,1
"120",1,1,1,0,1,0,1,1,0,0,0,0,0,0,0,0,1,0,1,0,0,1,1,0,1
"121",1,1,0,1,0,0,1,0,0,0,0,0,1,0,1,1,0,0,1,1,1,0,1,1,1
"122",1,0,0,0,1,1,0,1,0,0,1,0,1,0,1,1,1,0,0,0,1,0,0,0,1
"123",0,0,1,0,1,0,0,0,0,0,0,0,1,0,0,1,0,1,0,0,0,0,1,0,0
"124",1,0,1,0,0,1,0,0,0,1,1,0,0,0,0,0,0,0,0,0,0,0,0,0,0
"125",0,0,0,1,1,1,0,0,0,0,1,0,0,1,1,0,0,0,0,0,0,0,0,1,1
"126",0,1,1,0,1,1,0,0,1,0,0,0,0,0,0,1,0,0,0,1,0,1,0,0,1
"127",1,0,1,1,1,1,0,1,1,1,1,1,1,1,0,1,1,0,1,0,1,1,1,1,1
"128",0,1,1,0,0,0,1,1,0,1,1,0,1,1,0,0,0,1,0,0,0,1,1,0,0
"129",1,1,0,0,1,0,1,0,1,1,0,0,0,0,1,0,0,1,1,0,1,1,1,1,0
"130",0,0,0,1,1,0,0,0,0,0,0,0,0,0,1,0,0,0,0,1,0,0,0,0,1
"131",0,1,0,1,1,0,1,1,1,0,0,0,0,1,0,1,0,0,0,1,0,0,0,1,0
"132",0,0,1,0,1,0,1,0,1,0,1,0,0,1,0,0,0,0,1,0,0,0,0,0,0
"133",1,1,0,1,0,0,1,1,0,1,0,0,0,0,0,1,0,1,0,1,1,1,0,1,0
"134",1,0,1,1,0,0,0,1,0,1,1,1,0,0,0,1,0,1,0,0,1,1,1,1,1
"135",0,1,0,1,0,0,0,1,0,0,0,0,0,0,0,0,0,0,0,1,0,0,0,1,0
"136",0,1,0,0,1,0,0,0,0,0,0,0,0,0,1,0,1,1,0,0,0,0,1,0,0
"137",1,0,0,0,0,0,0,1,0,0,1,1,0,0,0,0,0,0,0,1,1,1,1,0,0
"138",1,0,0,0,0,1,1,1,1,0,0,0,1,1,1,1,1,1,1,1,1,0,1,1,1
"139",0,1,1,0,0,0,0,0,1,1,0,0,0,0,0,0,1,1,0,0,0,1,1,0,0
"140",0,1,1,1,0,0,1,0,1,0,0,1,0,0,0,1,0,1,0,1,0,0,1,0,1
"141",0,0,1,0,0,1,0,0,0,0,1,0,0,1,0,1,0,1,0,0,0,0,0,0,1
"142",1,1,1,1,1,1,1,0,0,0,0,1,0,0,0,0,0,0,1,0,1,1,1,0,1
"143",1,1,0,1,1,1,1,1,1,0,0,1,1,0,1,0,0,1,1,1,1,1,1,1,1
"144",1,1,1,1,1,1,1,1,1,1,0,1,0,1,1,1,0,1,1,1,1,1,1,1,1
"145",1,1,0,1,1,1,1,1,1,1,1,1,0,1,0,1,1,0,1,1,1,1,0,1,1
"146",1,1,1,1,1,0,1,0,1,0,1,0,0,0,0,0,0,0,0,0,1,1,0,0,1
"147",0,0,0,1,0,0,0,0,1,1,1,0,0,1,0,0,1,0,0,1,0,0,0,0,0
"148",0,1,0,1,0,0,1,0,0,0,1,0,0,0,0,1,0,1,0,0,1,1,0,1,0
"149",1,0,1,1,1,0,1,1,0,0,1,0,1,0,0,0,1,1,1,0,1,0,0,1,0
"150",0,0,1,1,0,0,0,0,0,1,1,0,0,0,1,0,0,1,1,1,0,0,1,1,0
"151",1,0,0,1,0,1,1,1,0,1,1,0,1,0,1,0,0,0,1,0,0,1,0,1,0
"152",1,1,0,0,0,0,0,0,0,0,1,0,0,1,0,0,0,0,0,0,1,1,1,0,0
"153",1,0,1,1,0,0,1,0,1,0,1,0,1,0,0,0,0,1,1,0,1,0,1,1,1
"154",0,0,0,0,1,0,1,0,1,0,0,1,0,0,0,0,0,1,1,0,1,1,1,0,1
"155",0,0,0,1,1,0,0,0,0,0,0,0,1,0,1,0,1,1,1,0,0,0,1,0,0
"156",0,1,1,1,0,0,1,0,1,1,1,1,1,0,1,1,0,0,1,1,1,1,1,1,1
"157",1,1,0,0,1,1,1,0,1,1,1,0,0,1,0,1,0,1,0,1,1,1,1,1,0
"158",1,1,0,0,1,0,1,1,0,0,0,0,1,0,1,1,0,0,0,0,0,0,0,0,0
"159",1,0,0,1,1,1,0,0,0,0,0,0,1,0,0,0,0,1,1,1,1,0,0,0,1
"160",1,0,1,1,1,1,0,0,0,0,0,1,1,1,1,1,0,1,0,1,0,0,1,1,0
"161",0,0,0,0,0,0,0,0,1,1,0,0,1,0,0,1,0,1,1,0,1,0,0,0,0
"162",1,0,0,0,0,0,0,1,0,1,0,0,1,0,0,0,1,0,0,0,1,1,0,1,1
"163",0,0,1,1,0,0,0,0,0,0,0,1,1,0,0,0,0,0,0,1,0,0,1,1,0
"164",0,0,0,0,0,1,1,0,0,0,0,0,0,0,0,1,0,0,1,1,0,0,0,0,0
"165",0,1,1,1,0,1,1,1,1,0,1,0,0,0,1,0,1,1,1,0,1,1,1,1,0
"166",0,1,1,1,0,0,0,1,1,1,0,0,0,0,0,0,0,0,0,0,0,0,0,1,0
"167",1,0,0,0,0,0,1,0,1,0,1,1,1,0,0,0,0,1,1,1,1,0,0,0,0
"168",0,0,1,0,0,1,1,0,0,1,0,1,0,0,1,0,0,0,0,0,1,0,0,0,1
"169",1,1,0,0,1,0,1,0,0,0,1,1,1,0,1,0,1,0,1,1,1,1,0,0,0
"170",1,1,1,1,0,1,0,0,0,0,1,1,0,0,0,0,0,1,1,0,1,1,0,0,0
"171",1,0,0,1,0,0,0,0,0,0,1,0,0,0,0,0,0,1,0,1,0,0,0,0,0
"172",1,0,0,1,1,1,0,0,0,0,0,0,0,1,1,0,0,1,0,0,0,0,0,0,0
"173",1,1,1,1,0,1,1,1,1,0,1,0,1,0,0,1,1,1,1,1,1,1,1,1,0
"174",1,0,0,0,0,0,1,0,1,1,0,0,0,0,0,0,0,0,0,0,1,0,0,0,0
"175",1,1,1,1,1,1,0,0,1,0,0,1,0,1,1,0,1,0,1,1,1,1,0,1,1
"176",0,1,0,0,1,1,0,0,1,0,0,0,0,0,0,1,1,1,0,0,0,1,1,0,1
"177",1,0,0,0,0,0,1,0,0,0,0,1,0,1,1,1,0,1,1,0,0,0,0,0,0
"178",0,1,1,0,0,1,0,0,0,1,0,1,0,1,0,0,0,1,0,0,0,0,1,1,0
"179",0,0,0,0,0,0,0,0,1,0,0,0,0,0,0,1,1,1,0,0,0,0,0,1,0
"180",1,0,1,0,0,0,1,0,1,0,0,1,0,0,0,0,0,1,0,1,1,0,1,0,0
"181",0,0,0,1,1,1,1,0,0,0,1,1,0,1,1,0,0,1,0,0,1,0,0,0,0
"182",1,0,1,0,0,1,1,1,0,1,0,0,0,1,0,0,0,0,0,1,1,0,0,1,0
"183",1,0,0,1,0,0,1,0,1,0,1,1,1,1,0,0,1,0,0,0,1,1,1,0,1
"184",0,0,0,1,0,0,0,1,0,1,0,0,0,1,0,0,0,0,0,0,0,0,1,0,1
"185",0,1,0,0,1,0,1,0,0,0,0,0,0,0,0,0,1,0,0,0,0,1,0,0,1
"186",0,0,1,0,1,0,1,1,1,1,0,1,1,0,1,0,1,1,0,0,0,1,1,1,0
"187",0,1,0,1,1,0,0,1,0,0,0,0,0,1,0,0,1,0,1,0,0,1,0,1,0
"188",0,0,1,0,0,1,0,1,0,0,0,0,0,1,0,1,0,1,0,0,0,0,0,1,1
"189",0,0,0,1,0,0,0,0,0,0,1,0,0,0,0,1,1,0,0,0,0,1,0,1,0
"190",1,1,0,1,0,0,1,1,1,0,0,0,0,0,1,0,0,0,0,0,0,0,0,1,0
"191",1,0,1,1,1,1,0,0,1,1,0,0,0,0,0,0,0,0,0,1,0,0,0,1,1
"192",1,1,1,0,0,0,1,0,1,0,1,0,1,1,1,0,0,1,1,1,1,1,1,0,0
"193",0,1,0,0,0,1,0,1,0,0,0,1,1,0,0,0,1,1,0,0,0,0,0,0,0
"194",0,0,1,1,1,0,0,0,1,0,0,0,1,0,0,0,0,1,0,0,0,0,1,0,1
"195",0,0,1,1,0,0,0,0,0,0,0,0,1,1,1,0,1,0,0,1,0,0,0,1,0
"196",0,0,1,0,1,0,1,0,1,1,0,0,1,0,1,0,0,0,0,0,0,0,1,0,1
"197",1,0,0,1,0,0,0,0,0,0,0,0,0,0,0,1,1,1,0,0,0,0,0,0,0
"198",1,0,0,0,1,0,0,0,1,0,0,0,1,0,0,0,1,1,0,1,0,0,0,0,1
"199",1,1,1,0,0,0,1,0,0,0,0,0,0,0,0,0,0,1,0,0,1,0,1,0,0
"200",1,0,0,0,0,0,1,1,0,0,1,1,0,1,0,1,1,0,1,1,1,1,0,1,1
"201",1,1,1,1,0,1,0,1,0,0,1,1,0,0,0,0,0,1,1,0,1,1,1,0,0
"202",0,0,0,0,1,0,0,1,0,0,1,1,0,0,0,0,0,0,0,1,1,1,0,0,0
"203",0,1,0,0,1,0,0,0,0,0,0,0,1,0,0,1,0,1,0,0,0,0,0,0,0
"204",0,1,1,0,0,0,0,1,1,1,1,1,1,0,1,1,1,1,1,1,1,1,1,1,1
"205",1,1,0,0,1,0,1,0,1,0,0,0,1,0,0,1,0,1,0,0,1,0,1,1,1
"206",0,0,0,0,0,1,0,0,0,0,0,0,0,0,0,0,0,0,0,0,0,1,0,0,0
"207",1,1,0,1,0,1,0,0,0,0,1,1,0,1,0,1,0,1,0,1,1,0,0,1,0
"208",1,1,0,0,1,1,0,0,0,0,1,0,1,0,0,1,1,0,1,1,0,1,0,0,0
"209",0,1,0,0,0,1,0,0,1,1,0,1,0,0,1,0,0,0,0,0,0,1,0,0,0
"210",0,0,0,1,0,1,1,0,0,0,0,0,0,0,0,1,0,0,1,0,1,0,0,1,0
"211",0,1,1,0,1,0,0,0,0,0,0,1,0,0,1,0,0,1,0,0,0,0,1,1,0
"212",0,0,1,0,0,1,0,0,0,1,1,0,0,0,0,1,0,0,1,0,1,1,0,0,0
"213",0,0,1,0,0,1,1,1,1,1,1,1,0,0,1,1,0,0,1,0,1,1,0,1,0
"214",0,1,0,0,1,1,1,0,0,0,1,1,1,0,0,1,0,0,0,0,0,1,0,0,0
"215",1,0,0,0,1,1,0,0,0,0,1,1,1,0,1,1,0,1,0,0,1,1,0,0,0
"216",1,1,1,0,1,0,0,0,0,0,1,0,1,0,0,0,1,0,1,1,0,1,1,0,1
"217",1,1,1,1,0,1,1,1,0,0,1,0,1,0,1,1,0,0,0,0,1,1,0,1,0
"218",0,0,0,1,1,0,0,0,0,0,0,0,1,1,0,1,1,0,1,0,1,0,0,1,1
"219",1,0,1,1,1,1,0,1,1,0,1,1,0,1,1,1,1,1,1,1,1,1,1,1,1
"220",1,1,1,0,1,1,1,1,1,0,1,0,0,1,1,1,1,0,0,1,1,1,1,1,1
"221",1,0,0,1,1,0,0,0,0,1,0,0,1,0,0,0,0,1,1,0,0,0,0,0,1
"222",0,0,0,1,0,1,0,0,1,1,0,0,1,0,1,0,0,1,0,0,0,0,1,1,0
"223",0,1,1,0,1,0,0,1,0,1,0,0,0,1,0,0,0,1,0,0,0,0,1,1,1
"224",1,0,1,0,1,0,0,1,1,0,1,0,1,1,1,1,1,1,1,1,1,1,1,1,1
"225",1,1,0,1,0,1,1,1,1,1,1,1,1,1,1,1,1,0,1,0,1,1,0,1,1
"226",0,0,0,0,0,0,1,0,0,0,0,0,0,1,0,1,0,0,1,0,0,1,0,0,0
"227",1,1,0,1,1,0,0,0,0,1,1,1,1,1,0,0,1,1,1,1,1,1,1,1,1
"228",0,1,0,1,0,1,0,1,0,1,1,1,0,1,0,0,0,1,0,0,0,1,0,1,1
"229",0,1,1,0,1,0,0,1,1,0,1,1,0,0,1,1,0,1,1,0,1,1,1,1,0
"230",0,0,0,0,0,0,0,1,0,1,0,0,0,0,1,1,1,0,1,0,0,0,0,0,1
"231",1,0,0,1,0,1,1,1,1,1,0,0,1,1,1,0,0,1,1,1,1,1,1,1,1
"232",0,1,1,0,0,1,0,0,1,0,0,0,0,1,1,0,0,1,0,0,1,0,1,0,0
"233",1,1,1,1,1,1,0,1,1,0,1,0,1,0,1,1,1,1,1,0,1,1,1,1,1
"234",0,1,0,0,0,0,1,0,0,0,1,1,0,0,0,0,1,1,0,0,1,0,0,1,0
"235",0,1,0,1,0,1,0,1,0,1,0,0,0,1,0,0,1,0,0,0,0,1,0,1,0
"236",1,0,0,1,1,0,1,1,0,0,0,1,0,0,1,0,1,0,0,0,1,1,1,0,1
"237",1,0,0,0,0,0,0,0,0,0,1,1,0,0,0,0,0,1,1,1,0,0,1,0,0
"238",0,1,0,0,0,0,0,0,0,1,1,0,1,0,0,0,0,0,0,0,0,1,0,0,0
"239",0,1,1,1,1,1,0,0,1,1,1,0,1,1,1,0,1,0,1,0,0,1,1,1,1
"240",1,1,1,1,1,1,0,0,0,0,1,0,1,0,1,1,1,0,1,0,1,1,1,1,1
"241",0,0,1,0,0,1,0,1,1,1,0,0,1,0,0,1,0,1,0,0,0,1,1,1,0
"242",1,1,1,1,0,1,1,1,1,0,1,0,1,0,1,1,1,1,1,1,1,1,1,1,1
"243",1,1,1,0,0,1,1,1,0,0,1,1,0,0,0,0,0,0,0,0,1,1,1,0,0
"244",0,1,0,0,0,1,0,1,0,0,0,0,1,0,1,1,0,1,1,1,0,1,0,0,0
"245",0,0,1,0,0,0,1,1,1,0,0,0,1,0,1,1,1,0,0,0,1,0,1,1,0
"246",1,1,0,1,0,0,0,0,0,0,0,0,0,0,0,0,0,1,1,0,0,0,0,1,1
"247",0,1,1,1,0,1,1,1,1,0,0,0,1,1,1,0,1,0,0,0,1,1,1,1,1
"248",1,1,1,0,0,0,1,0,1,1,0,0,1,0,1,0,0,1,1,0,1,0,1,1,0
"249",0,0,0,1,1,0,0,0,0,1,1,0,0,0,0,0,0,1,0,0,0,0,0,1,0
"250",1,1,0,1,0,0,1,1,1,1,0,1,1,1,1,1,1,1,1,1,1,1,1,1,1
"251",1,1,1,1,1,0,1,1,0,1,1,1,1,0,1,0,0,1,1,1,1,1,0,1,1
"252",1,0,0,1,1,1,1,0,0,0,0,0,0,1,1,0,0,0,1,0,0,0,0,1,0
"253",1,0,0,1,0,1,0,0,0,1,1,0,1,1,1,1,1,1,0,1,1,1,0,1,1
"254",1,1,0,0,1,1,1,1,0,1,1,1,1,1,1,1,1,1,1,1,1,1,0,1,1
"255",1,0,1,0,0,1,0,0,0,0,0,0,1,0,1,0,0,0,0,1,1,0,0,1,0
"256",0,1,0,0,1,0,1,0,0,0,0,0,0,0,1,0,0,1,1,0,0,1,0,0,1
"257",0,1,0,1,1,1,0,1,0,0,0,0,0,0,0,0,1,0,0,0,0,0,0,1,1
"258",1,0,0,1,1,0,0,0,0,1,0,0,1,0,0,1,1,0,0,0,1,0,0,0,0
"259",0,0,1,0,1,0,0,1,0,0,1,1,0,0,0,0,0,1,1,1,0,0,1,0,0
"260",1,1,1,1,1,0,1,1,1,0,1,0,1,0,1,0,1,1,0,0,1,0,1,1,1
"261",1,1,1,0,0,0,0,1,1,0,1,1,0,0,0,0,0,0,0,1,1,0,0,0,0
"262",1,0,0,1,0,0,0,1,0,0,1,0,1,0,0,1,0,1,0,1,1,0,1,0,1
"263",1,1,1,0,0,0,0,0,0,1,0,0,1,0,0,0,0,1,0,0,1,1,1,0,0
"264",0,1,1,1,1,0,0,0,1,0,1,1,1,0,1,1,0,1,1,1,1,1,1,1,1
"265",0,0,1,0,1,0,0,1,0,1,0,0,0,0,0,1,0,1,0,0,1,0,1,0,0
"266",1,1,0,1,0,0,1,1,1,0,0,1,1,0,0,1,1,0,0,0,0,0,0,0,0
"267",1,0,1,1,1,0,0,0,0,0,0,1,1,0,0,0,0,0,0,0,1,0,1,0,0
"268",1,1,1,1,1,0,0,1,0,1,0,0,1,0,0,0,1,0,0,0,0,1,0,1,1
"269",0,1,1,1,0,0,0,0,1,0,0,1,0,1,1,0,0,0,1,0,0,0,1,1,1
"270",1,1,0,0,0,1,1,1,0,0,0,0,1,1,0,1,0,0,1,1,1,0,0,1,1
"271",0,0,0,0,0,0,1,0,0,0,0,1,0,0,0,0,0,1,1,0,1,0,0,0,1
"272",1,1,1,1,1,1,0,1,1,1,0,0,1,0,1,0,1,1,0,0,0,1,1,1,1
"273",1,1,1,0,1,0,0,0,1,0,0,0,1,1,1,0,1,1,0,0,0,0,1,1,1
"274",0,1,1,1,1,0,0,1,0,0,0,1,1,0,0,0,1,0,1,0,0,0,0,1,0
"275",1,1,1,1,0,0,1,0,0,0,0,0,0,0,0,1,0,1,1,0,1,0,0,1,0
"276",1,1,0,0,0,1,0,1,0,0,0,1,0,0,1,0,1,1,0,0,1,1,1,0,0
"277",1,1,1,0,0,1,1,1,0,0,1,0,0,0,1,0,1,0,0,0,1,1,1,0,0
"278",0,0,1,1,0,0,1,1,0,1,0,1,0,0,0,1,1,0,0,0,0,0,0,1,0
"279",1,0,1,1,1,0,1,0,1,0,0,0,1,1,0,1,0,1,0,1,1,0,1,1,1
"280",0,0,0,0,1,1,0,1,0,1,1,0,0,1,0,1,1,0,1,0,0,1,0,1,1
"281",1,1,0,1,0,0,1,1,1,1,1,0,0,1,1,0,0,0,1,0,1,1,0,1,0
"282",1,0,0,1,0,0,1,0,0,1,0,0,1,0,0,1,0,0,1,0,1,0,0,1,0
"283",0,0,0,1,1,1,0,0,1,1,1,0,0,0,0,1,1,0,0,0,0,0,1,0,0
"284",0,0,1,0,1,0,1,0,1,0,0,0,0,0,1,0,0,1,0,0,0,0,1,1,0
"285",0,1,0,1,1,1,1,1,0,1,0,0,0,0,0,0,0,0,0,0,0,1,0,0,1
"286",0,1,1,1,0,1,1,0,0,0,1,0,0,0,0,1,1,0,1,0,1,1,1,0,0
"287",1,0,1,1,1,0,1,1,1,1,1,1,1,1,1,0,1,1,1,1,1,1,1,1,1
"288",1,1,0,0,1,0,1,1,1,0,1,0,0,1,1,0,0,0,0,0,1,1,1,0,1
"289",1,0,0,0,0,0,0,1,1,0,1,0,1,0,0,0,1,0,0,0,1,0,0,0,1
"290",0,1,1,1,0,0,1,1,1,1,0,1,0,0,0,0,0,0,0,1,1,1,1,1,0
"291",1,0,1,1,0,1,0,1,1,1,0,0,0,1,1,0,0,1,1,0,1,0,0,1,0
"292",0,0,0,1,1,1,0,0,1,1,0,1,1,0,1,1,0,1,1,1,1,0,1,1,1
"293",1,1,1,1,0,0,0,1,1,0,0,0,0,0,0,1,0,0,1,0,0,1,0,1,1
"294",1,0,1,1,1,1,1,1,1,0,1,0,0,0,1,1,1,1,1,1,1,1,1,1,1
"295",0,1,0,1,1,0,1,1,0,0,1,1,0,1,1,0,1,0,1,1,1,1,0,1,1
"296",1,0,0,1,0,0,0,0,1,0,1,0,0,0,1,1,0,0,0,0,1,0,1,0,0
"297",0,0,0,1,0,1,0,0,0,1,0,0,1,1,0,0,0,1,0,1,0,1,1,1,0
"298",0,1,1,1,0,1,1,0,0,1,1,0,1,1,1,0,0,1,0,0,0,1,1,1,0
"299",1,0,0,0,1,1,1,1,1,1,1,0,1,0,0,1,1,1,1,1,1,1,0,1,1
"300",1,0,1,1,0,1,1,1,0,1,1,0,1,0,0,1,0,0,0,1,1,1,0,1,0
"301",0,0,0,0,1,0,0,1,1,0,0,0,0,0,1,0,1,1,0,1,0,0,1,1,0
"302",1,1,1,0,0,0,0,0,1,0,1,1,0,0,1,0,1,0,0,1,1,1,0,0,1
"303",1,1,1,1,1,1,1,1,1,1,1,1,1,0,1,1,1,0,1,1,1,1,1,1,1
"304",1,0,0,1,1,0,1,1,0,0,0,0,0,0,1,0,0,0,0,1,0,0,0,1,1
"305",0,1,0,1,1,1,1,1,1,1,1,0,1,0,1,1,1,1,1,0,1,1,1,1,1
"306",1,0,0,0,0,1,0,0,1,0,0,0,0,0,0,1,0,0,1,1,0,0,0,1,0
"307",0,0,0,0,0,0,0,0,0,0,1,1,0,0,0,0,0,0,0,1,0,0,0,0,0
"308",0,0,1,1,1,0,0,0,0,0,0,0,0,1,1,1,0,1,0,1,0,0,1,1,0
"309",0,0,0,0,1,0,0,0,1,0,1,0,1,1,1,1,0,1,0,0,0,0,1,0,0
"310",0,1,1,1,0,0,1,0,0,1,0,0,0,1,1,1,0,1,0,1,0,0,1,1,1
"311",1,1,1,0,0,1,0,0,0,0,0,0,0,1,0,1,0,1,1,1,1,1,1,0,0
"312",1,1,1,1,0,0,0,0,0,0,0,1,1,0,1,1,1,1,0,0,0,0,1,1,0
"313",1,0,0,0,1,0,0,0,1,1,1,1,1,1,1,0,1,0,0,1,1,1,0,1,1
"314",1,0,1,1,1,1,1,0,0,1,1,1,1,1,0,1,0,0,0,1,1,1,0,1,1
"315",1,0,0,1,1,1,1,0,1,1,0,0,1,0,1,1,0,1,0,0,1,0,1,1,1
"316",1,1,0,0,0,0,1,0,1,0,1,1,1,0,0,0,0,1,0,0,1,1,0,0,1
"317",0,1,0,0,0,1,0,0,0,0,0,0,0,0,1,1,1,0,0,0,0,1,0,0,0
"318",0,0,0,0,1,0,0,0,0,0,0,0,0,0,0,0,1,1,1,0,0,1,1,0,1
"319",0,0,0,0,0,0,0,1,1,1,0,1,1,0,1,0,0,0,0,0,0,1,1,1,0
"320",1,1,0,0,1,0,1,0,0,1,0,0,0,0,0,1,1,0,0,0,0,1,0,0,1
"321",0,0,1,0,1,0,1,0,0,0,0,0,0,0,0,0,1,1,1,1,0,1,1,0,0
"322",0,0,0,0,0,0,1,0,1,0,1,0,1,0,0,0,0,1,0,0,1,0,0,1,0
"323",1,1,1,0,1,0,0,1,1,0,1,0,1,0,0,1,1,0,1,1,1,1,0,0,1
"324",1,0,1,1,1,0,0,0,1,1,0,0,0,0,0,1,1,1,1,1,1,0,1,1,1
"325",1,1,0,1,1,0,1,1,0,0,0,0,0,1,0,1,1,1,0,1,0,1,0,1,1
"326",0,0,0,1,1,0,1,1,1,1,0,1,0,0,1,0,0,0,0,0,1,1,0,0,1
"327",0,1,0,0,1,0,1,0,0,0,0,0,0,1,1,0,0,1,1,1,0,0,0,0,0
"328",1,1,1,0,1,1,0,1,1,1,1,1,1,1,1,1,1,1,0,1,1,1,1,1,1
"329",1,1,1,0,0,1,0,0,1,0,0,0,0,0,1,0,1,1,0,1,0,1,1,0,1
"330",1,0,0,1,1,1,1,1,0,1,0,1,1,0,0,1,1,0,1,1,1,1,0,1,1
"331",0,0,0,1,1,1,0,1,0,0,1,1,1,1,0,0,0,1,0,0,1,1,0,1,1
"332",1,1,1,1,1,1,0,0,0,0,1,0,0,0,1,0,0,0,0,0,0,1,0,0,0
"333",0,0,1,1,0,0,1,0,0,1,0,0,1,0,0,1,0,0,1,0,1,0,0,1,0
"334",0,0,1,0,1,1,0,0,1,1,1,0,1,1,1,0,0,1,1,0,0,0,1,1,0
"335",1,1,1,1,1,1,1,1,1,0,0,1,1,1,1,1,0,1,1,1,1,1,1,1,1
"336",0,0,1,1,1,0,0,1,1,0,0,0,1,0,1,0,0,1,0,1,1,1,1,1,0
"337",1,0,0,1,0,0,0,0,1,1,1,0,0,1,1,1,1,1,1,1,1,0,1,1,0
"338",1,0,0,1,1,1,1,0,1,0,1,1,1,1,1,0,0,1,1,0,1,1,1,1,1
"339",1,0,1,0,0,0,0,1,0,0,1,0,0,0,0,1,0,1,0,1,1,0,1,0,0
"340",1,1,0,0,0,0,0,1,1,1,1,0,0,1,0,0,1,0,0,0,0,1,1,1,1
"341",0,1,1,0,1,0,1,0,1,0,0,0,0,0,0,0,1,1,0,0,0,0,1,0,0
"342",1,1,0,1,0,0,1,0,0,0,0,0,1,1,0,0,0,0,1,0,1,1,0,1,1
"343",1,1,1,0,1,0,0,1,0,0,0,0,0,0,1,0,1,1,1,0,1,0,1,0,1
"344",1,1,1,0,1,1,1,1,1,1,1,1,1,1,1,1,1,1,0,1,1,1,1,1,1
"345",1,1,0,1,1,0,1,1,1,1,1,1,1,1,0,1,0,0,1,1,1,1,0,1,1
"346",1,1,0,0,0,0,0,0,0,0,1,1,0,0,0,0,0,0,0,1,1,1,0,0,0
"347",0,0,1,1,1,0,1,0,1,1,1,1,0,0,1,1,0,1,1,1,1,0,1,1,1
"348",0,1,0,0,1,0,0,1,1,1,0,0,1,0,1,0,0,1,1,1,0,1,1,1,0
"349",0,0,0,0,1,1,0,0,0,1,0,0,0,0,0,0,1,0,1,0,0,0,1,0,1
"350",0,0,1,0,0,0,1,0,0,0,1,1,1,0,1,0,0,1,0,0,1,0,1,0,0
"351",0,1,1,0,0,1,1,0,1,1,1,1,1,1,1,1,1,1,1,0,1,1,1,1,1
"352",0,0,0,1,1,0,0,0,1,1,0,1,0,1,1,0,1,1,1,0,0,0,1,1,0
"353",0,1,1,1,1,0,0,1,0,0,1,1,1,0,0,1,0,0,1,0,0,0,0,1,1
"354",1,1,0,1,0,0,0,0,0,0,0,0,1,1,0,0,0,0,0,0,0,0,0,0,0
"355",1,0,1,1,1,0,1,0,0,0,0,0,1,0,0,1,1,1,0,0,1,1,1,0,1
"356",0,0,0,1,0,0,1,0,1,0,1,1,1,0,0,1,0,0,1,0,1,0,0,0,0
"357",1,1,0,0,0,0,1,0,1,0,0,0,1,0,0,1,1,1,0,0,0,1,0,0,0
"358",1,1,0,0,0,0,0,1,1,0,1,1,0,0,0,0,1,1,0,0,1,1,1,0,1
"359",0,1,0,1,1,0,1,1,0,1,0,1,1,1,1,1,1,1,1,1,1,1,1,1,1
"360",1,1,1,1,1,0,0,0,0,0,1,0,0,0,1,0,0,0,1,0,1,0,0,0,1
"361",1,1,0,0,0,0,0,0,0,0,0,0,1,0,0,0,1,1,1,0,0,0,0,0,0
"362",1,1,1,0,0,0,1,0,0,0,1,0,0,1,0,1,0,1,0,0,1,1,0,0,0
"363",1,0,0,0,0,0,1,1,0,0,0,1,0,1,0,0,1,1,1,0,0,1,1,1,0
"364",1,1,0,0,1,0,0,0,0,0,0,0,0,1,0,0,0,1,0,0,0,0,0,0,0
"365",1,1,0,1,1,0,1,0,1,1,1,1,0,0,1,1,0,1,1,1,1,1,1,1,0
"366",1,1,1,1,0,1,1,1,1,1,0,1,1,1,0,1,0,1,1,0,1,1,1,1,1
"367",0,0,1,1,0,0,0,0,0,0,1,0,1,1,0,0,0,1,0,0,0,0,0,0,0
"368",0,0,0,0,1,1,0,0,0,0,1,0,0,0,0,0,0,0,1,0,0,0,0,0,0
"369",1,1,1,0,1,1,1,1,1,1,1,1,1,0,0,1,1,1,0,0,1,1,1,1,1
"370",1,1,1,0,1,0,0,0,1,1,1,1,1,1,0,1,0,1,1,1,1,1,1,1,1
"371",0,0,0,1,1,1,1,0,1,1,1,1,0,1,1,1,0,1,1,0,1,0,1,1,0
"372",1,1,1,0,0,0,0,1,1,0,1,0,1,1,0,0,0,1,0,0,1,1,1,0,0
"373",1,0,1,1,0,0,0,1,0,0,1,0,0,1,0,0,1,0,0,0,0,0,0,0,0
"374",0,0,0,1,1,0,0,0,0,1,0,0,0,0,0,0,0,1,0,0,0,0,0,1,1
"375",0,0,1,0,0,0,1,0,0,0,0,1,0,1,1,0,0,0,0,0,0,1,0,0,0
"376",0,0,1,1,1,1,1,1,1,1,1,1,1,1,1,1,1,1,1,1,1,1,1,1,1
"377",1,1,0,1,1,0,0,1,1,0,1,1,1,0,1,1,1,1,0,1,1,1,1,1,1
"378",1,1,0,0,0,0,1,0,1,0,1,1,0,0,1,1,0,0,0,0,1,1,0,0,0
"379",1,1,0,0,0,0,1,1,1,1,0,0,0,1,1,0,0,1,1,0,1,1,1,1,0
"380",0,1,0,1,0,1,1,1,1,1,0,0,0,0,1,0,0,1,0,1,0,1,1,1,0
"381",1,0,1,1,1,0,0,0,1,0,1,0,1,0,1,0,0,1,1,1,1,0,1,0,1
"382",1,0,1,0,0,0,0,0,1,0,0,1,0,0,1,1,0,1,1,0,1,0,1,1,0
"383",0,0,1,0,1,1,1,0,0,0,0,0,0,0,0,0,0,1,0,0,1,0,1,0,0
"384",1,0,1,1,1,0,1,0,1,0,1,0,1,0,0,1,0,1,0,1,0,0,1,1,1
"385",0,1,0,0,1,0,0,0,1,1,1,0,1,0,0,0,0,1,0,0,1,0,1,0,1
"386",1,0,1,0,0,0,0,0,0,1,0,0,0,0,0,0,1,0,0,0,1,0,1,0,0
"387",1,0,1,1,0,0,0,0,1,0,0,0,0,0,1,0,0,0,1,0,0,0,0,1,1
"388",0,1,0,1,0,1,1,1,1,1,0,1,1,0,1,0,1,1,0,0,0,1,1,1,0
"389",0,1,1,1,1,1,0,0,1,1,0,0,0,0,1,1,1,0,1,1,1,1,1,1,1
"390",0,1,1,1,1,1,0,0,1,1,1,1,1,1,0,1,0,0,1,1,1,1,0,1,1
"391",1,0,1,1,1,0,0,0,0,0,1,1,0,0,1,0,1,0,0,0,1,1,1,0,1
"392",1,1,1,1,0,0,1,0,0,1,0,0,0,0,0,0,1,0,0,0,0,1,0,1,1
"393",0,1,1,1,1,0,0,1,1,1,0,0,1,0,1,0,1,1,0,0,0,1,1,1,0
"394",0,0,1,1,1,1,0,0,0,1,1,0,0,0,1,1,1,1,1,1,1,1,1,1,1
"395",0,1,0,0,1,0,1,0,0,0,0,0,0,0,0,0,1,0,1,0,0,1,0,0,1
"396",0,1,1,0,1,0,0,0,0,0,0,1,0,0,0,0,0,1,0,1,0,0,1,0,0
"397",1,0,0,1,0,0,1,0,1,0,0,0,0,0,0,1,0,1,0,0,0,0,0,1,0
"398",0,1,0,1,0,1,0,0,1,0,1,1,1,0,0,0,0,1,1,0,0,1,1,0,0
"399",0,1,0,0,0,0,0,0,0,1,1,1,0,0,0,1,0,0,1,1,1,1,0,0,0
"400",0,0,1,0,0,0,1,0,0,0,0,0,1,0,1,1,0,0,1,0,0,0,1,0,0
"401",0,1,1,1,0,1,0,1,0,1,1,1,0,1,1,0,1,0,1,0,0,0,0,0,0
"402",0,0,0,0,1,0,0,0,0,0,0,0,0,1,1,0,0,1,1,0,0,0,0,0,0
"403",0,0,0,1,1,0,0,0,0,0,0,1,0,0,0,0,1,1,1,0,0,0,0,0,1
"404",0,1,1,0,1,0,1,0,0,0,0,0,1,1,0,0,1,1,1,0,0,1,0,0,0
"405",0,0,1,0,1,0,0,0,1,0,0,0,1,1,0,0,1,1,0,0,0,0,1,0,0
"406",1,0,0,0,1,0,0,0,1,1,1,0,0,1,1,1,0,0,0,0,1,0,0,0,1
"407",0,0,1,1,1,0,1,1,0,0,0,0,0,0,1,0,0,1,0,0,0,0,1,0,1
"408",0,1,0,0,1,0,0,0,0,0,0,1,0,0,0,0,0,0,0,0,0,1,0,0,1
"409",0,0,0,0,0,0,0,0,0,1,1,0,0,0,1,0,1,1,0,0,0,0,0,0,0
"410",1,1,1,0,0,0,0,1,1,0,1,1,0,0,0,0,0,0,0,1,1,1,1,0,0
"411",0,1,0,1,0,1,0,1,1,1,1,0,0,1,1,0,1,0,1,1,0,1,1,1,1
"412",1,0,1,1,1,0,0,0,1,0,0,0,0,0,0,0,1,1,1,0,0,1,1,0,1
"413",0,0,0,0,0,0,1,0,0,0,0,0,0,1,0,1,0,0,0,1,0,0,0,1,0
"414",1,0,0,0,0,1,1,0,1,1,0,1,0,1,0,0,1,1,1,1,0,1,1,1,1
"415",0,1,1,1,1,1,1,1,0,1,1,0,0,1,0,1,1,1,1,0,1,1,0,1,1
"416",1,1,1,0,1,0,0,0,0,1,1,0,0,1,0,0,1,0,0,0,1,1,0,0,1
"417",0,1,0,1,1,0,0,1,1,1,0,0,0,0,0,0,1,1,1,0,0,1,0,1,1
"418",1,0,1,0,0,0,1,0,1,0,0,0,0,0,1,0,0,1,0,0,0,0,1,1,0
"419",0,1,0,0,1,0,0,1,0,0,1,1,0,0,0,0,1,1,0,1,1,1,1,0,1
"420",1,1,1,1,1,0,0,0,0,0,0,0,1,0,0,0,0,1,0,0,0,1,1,0,0
"421",1,1,0,0,1,1,1,0,1,1,1,1,0,1,0,1,1,1,0,1,1,1,0,1,0
"422",1,0,0,1,1,0,0,1,0,0,0,0,0,1,1,1,0,0,1,1,1,0,0,1,1
"423",1,0,0,0,0,0,0,0,0,0,0,1,0,0,0,0,0,1,0,1,0,1,0,0,0
"424",1,1,1,1,1,0,0,0,1,0,0,0,0,1,0,0,0,0,0,0,1,1,0,0,1
"425",1,1,0,1,0,1,0,0,0,0,0,0,0,0,1,0,1,1,1,0,1,0,0,0,0
"426",0,0,0,1,0,0,1,0,1,1,0,0,1,0,0,1,1,0,0,0,0,0,0,0,0
"427",0,0,0,1,0,0,0,0,0,0,0,0,0,0,0,0,1,0,0,1,0,0,0,1,0
"428",1,0,1,1,0,0,1,0,0,0,0,1,0,0,0,1,1,1,1,0,1,0,1,1,0
"429",0,0,1,1,0,0,1,1,1,0,1,0,0,0,1,1,1,1,1,0,1,1,1,1,1
"430",0,0,1,1,1,0,0,0,0,1,1,0,0,0,0,1,0,1,0,0,0,0,1,0,1
"431",1,0,1,1,0,0,1,0,0,1,0,0,0,0,1,1,0,1,0,1,0,0,1,0,0
"432",1,0,1,1,1,0,1,0,0,1,1,0,0,1,1,1,1,0,0,0,1,0,1,1,0
"433",1,0,1,0,0,1,0,0,1,0,1,1,0,0,0,0,1,0,0,0,0,0,1,1,1
"434",0,0,0,0,1,0,0,0,0,1,0,0,0,0,0,0,1,0,1,0,0,0,0,1,0
"435",1,1,0,0,0,0,0,1,0,0,1,0,0,0,0,1,0,0,0,0,0,1,0,0,0
"436",0,1,0,1,0,0,1,0,0,1,0,1,0,0,0,0,1,0,0,0,0,0,0,0,0
"437",0,0,0,1,0,1,0,1,1,1,0,0,0,0,0,0,0,1,1,1,0,0,0,1,0
"438",0,1,1,1,1,1,1,0,1,1,1,1,1,1,0,1,0,1,1,0,1,1,1,1,1
"439",1,0,1,1,1,1,1,0,1,1,1,0,0,1,1,1,1,1,0,1,1,1,1,1,1
"440",0,0,1,0,1,1,1,0,0,1,0,0,1,0,0,0,0,1,1,1,0,0,0,0,0
"441",1,1,1,0,0,0,0,1,0,0,0,1,0,1,0,0,0,0,0,1,0,1,1,0,0
"442",0,1,0,0,1,0,0,1,1,0,0,0,0,0,1,1,1,1,1,0,0,1,1,1,0
"443",0,0,1,0,1,1,0,0,0,0,0,0,1,0,0,0,0,0,0,0,0,1,1,0,1
"444",0,0,0,1,1,0,0,0,0,0,0,1,0,1,1,0,0,0,1,1,0,0,0,0,0
"445",0,1,1,1,1,0,1,1,1,0,0,0,0,0,0,0,0,0,0,0,0,0,1,1,1
"446",0,0,0,0,1,0,0,0,1,0,0,0,1,0,0,0,1,1,0,1,0,0,0,0,0
"447",0,1,1,1,1,1,0,1,1,0,0,0,1,0,1,0,0,0,1,0,0,1,1,1,0
"448",0,0,0,1,1,0,0,1,1,0,0,0,1,0,1,0,0,0,0,0,0,0,0,1,1
"449",1,0,0,1,0,1,1,0,1,1,0,0,0,1,1,1,0,1,0,1,1,0,1,1,0
"450",0,1,0,1,0,1,1,0,0,0,0,0,1,0,1,0,1,0,0,0,0,0,0,1,0
"451",1,1,1,0,1,0,0,0,1,0,1,1,0,1,0,0,0,0,0,0,1,1,1,0,1
"452",0,0,0,0,0,0,0,1,0,1,0,1,1,0,0,1,0,0,0,0,0,0,0,0,1
"453",0,0,1,1,1,0,0,1,0,0,1,0,0,0,1,1,0,0,1,1,1,0,0,1,1
"454",0,1,0,1,0,1,1,0,1,1,1,1,1,0,0,1,1,0,0,1,1,1,0,1,1
"455",0,0,0,0,0,0,0,1,1,0,1,0,0,1,1,0,0,0,1,0,0,0,0,1,0
"456",1,0,0,0,0,0,1,0,1,0,1,0,0,0,1,1,0,1,0,0,0,0,1,0,0
"457",1,1,0,0,1,0,1,0,1,0,1,1,1,0,0,0,0,0,1,0,1,1,0,0,1
"458",1,0,1,1,1,0,1,1,1,0,1,1,0,0,1,0,1,0,1,1,1,1,1,1,1
"459",0,0,1,0,0,0,1,0,1,1,0,1,1,1,1,0,0,1,1,0,0,0,1,1,0
"460",1,1,0,0,0,0,1,1,1,1,1,0,0,0,0,1,0,0,1,0,1,1,1,1,0
"461",1,0,1,0,1,0,1,0,1,0,0,0,1,1,1,1,0,1,1,1,1,0,0,1,1
"462",0,1,0,0,0,1,1,1,0,1,1,1,1,0,1,1,0,1,0,0,0,1,1,1,0
"463",1,1,1,0,1,1,0,0,0,0,1,1,0,0,0,0,1,1,0,1,1,1,1,0,1
"464",1,0,1,1,0,0,0,1,0,1,0,0,0,1,0,1,1,1,1,1,1,0,1,1,1
"465",0,0,0,0,0,1,1,0,0,0,0,0,0,0,1,0,0,0,0,0,0,0,0,0,0
"466",1,1,1,1,0,1,0,1,0,0,0,1,0,0,0,0,1,1,0,0,0,0,1,1,0
"467",1,1,0,0,1,0,1,0,1,1,0,0,1,1,1,1,0,1,0,0,1,0,1,1,0
"468",1,0,1,0,0,1,0,1,1,0,0,0,1,0,0,1,1,1,1,0,1,1,1,0,0
"469",1,0,0,0,1,1,1,1,0,0,1,1,0,0,0,0,1,1,1,1,1,1,0,0,1
"470",1,1,1,1,1,1,1,0,0,1,1,1,0,0,1,1,1,1,1,1,1,1,1,1,1
"471",1,1,0,1,1,1,1,1,1,0,0,0,1,0,1,1,1,0,0,1,1,0,1,1,1
"472",1,1,1,1,1,0,0,0,1,0,1,0,1,0,1,0,0,1,1,0,0,1,0,0,1
"473",1,0,1,0,0,0,0,0,0,1,1,0,0,1,0,0,0,1,0,0,1,1,1,0,0
"474",1,1,1,1,1,0,0,0,1,1,1,1,1,0,0,0,1,1,0,0,1,0,1,0,1
"475",1,0,0,0,1,0,0,1,0,0,1,0,0,1,0,0,0,0,0,1,0,0,0,1,1
"476",0,0,1,0,0,0,0,0,1,1,1,0,1,1,1,0,0,0,1,0,0,0,0,0,0
"477",1,0,0,1,1,1,1,1,1,1,0,1,1,0,1,1,1,0,1,1,1,0,1,1,1
"478",1,0,0,0,0,0,0,0,1,0,1,0,0,0,0,1,0,0,0,1,0,0,0,0,0
"479",1,0,0,1,0,1,1,1,0,1,1,0,0,1,0,0,0,0,1,1,1,1,0,1,0
"480",0,1,0,0,0,0,0,0,0,0,1,1,0,1,0,1,0,1,1,1,1,0,0,1,0
"481",1,0,1,0,0,0,0,0,1,0,1,0,0,1,1,1,0,0,1,0,1,1,1,0,1
"482",1,0,1,0,0,0,1,0,0,1,0,0,1,0,0,0,0,0,0,0,1,0,0,0,0
"483",1,0,1,0,1,0,0,1,0,0,1,1,1,0,0,0,0,1,1,0,1,0,1,1,1
"484",1,1,1,1,0,0,0,1,1,0,1,0,1,0,1,1,0,1,1,1,1,1,1,1,1
"485",0,0,1,0,1,0,0,1,0,1,0,0,1,1,0,1,0,0,1,0,0,1,1,1,1
"486",1,1,1,0,0,1,1,1,1,0,1,1,0,0,0,1,1,0,1,1,1,1,0,1,1
"487",1,1,1,1,0,0,1,0,0,0,1,0,0,0,0,0,0,1,0,0,1,1,1,0,0
"488",1,0,1,0,1,1,1,0,0,1,0,0,1,0,0,1,0,1,1,1,1,0,1,0,1
"489",0,1,1,1,1,1,1,1,0,1,1,0,1,1,1,0,1,1,1,0,0,1,1,1,1
"490",1,0,0,0,1,0,0,0,0,0,0,1,0,0,1,0,0,0,0,0,1,1,1,0,1
"491",1,0,1,1,1,0,0,1,0,0,0,1,0,0,1,0,0,0,1,0,0,1,1,1,0
"492",0,0,1,0,0,0,0,0,0,0,0,1,0,1,0,1,1,0,1,1,0,0,0,0,0
"493",1,0,1,0,0,0,1,0,0,0,1,0,1,1,1,0,0,0,0,0,1,1,0,0,0
"494",0,0,0,1,0,1,1,0,0,1,1,0,0,0,0,0,0,0,0,1,0,0,0,1,0
"495",1,1,1,1,1,1,1,0,1,1,1,0,0,0,0,0,0,1,1,1,1,1,1,1,0
"496",1,1,1,1,1,1,1,1,1,1,0,0,1,1,0,0,1,0,1,1,1,0,1,1,1
"497",1,0,1,1,1,1,1,0,1,1,0,0,1,0,1,1,1,1,0,1,1,0,1,1,1
"498",1,0,0,1,1,1,0,1,0,0,0,1,0,0,1,0,0,0,1,0,1,0,0,1,0
"499",1,1,1,0,1,0,0,0,0,0,1,1,0,0,0,0,0,1,0,0,1,1,1,0,1
"500",0,0,1,1,0,1,1,0,0,0,0,0,0,0,0,0,0,1,0,0,0,0,1,1,1
